id,title,content
1,阿图尔·叔本华,阿图尔·叔本华（德语：Arthur Schopenhauer，1788年2月22日－1860年9月21日），著名德国哲学家，唯意志论主义的开创者，其思想对近代的学术界、文化界影响极为深远。不同于同时代的费希特、谢林、黑格尔，叔本华并无取消物自体，他继承了康德对物自体和表象之间的区分，认为它是可以透过直观而被认识的，并且将其确定为意志。叔本华认为，意志是独立于时间和空间的，它同时亦包括所有的理性与知识，我们只能透过沉思来摆脱它。叔本华把他著名的悲观主义哲学与此学说联系在一起，认为被意志所支配最终只会带来虚无和痛苦。他对心灵屈从于器官、欲望和冲动的压抑、扭曲的理解启发了日后的精神分析学和心理学。
2,深度学习,深度学习（英语：deep learning）是机器学习的分支，是一种以人工神经网络为架构，对数据进行表征学习的算法。[1][2][3][4][5]深度学习是机器学习中一种基于对数据进行表征学习的算法。观测值（例如一幅图像）可以使用多种方式来表示，如每个像素强度值的向量，或者更抽象地表示成一系列边、特定形状的区域等。而使用某些特定的表示方法更容易从实例中学习任务（例如，人脸识别或面部表情识别[6]）。深度学习的好处是用非监督式或半监督式的特征学习和分层特征提取高效算法来替代手工获取特征。[7]表征学习的目标是寻求更好的表示方法并创建更好的模型来从大规模未标记数据中学习这些表示方法。表示方法来自神经科学，并松散地创建在类似神经系统中的信息处理和对通信模式的理解上，如神经编码，试图定义拉动神经元的反应之间的关系以及大脑中的神经元的电活动之间的关系。[8]至今已有数种深度学习框架，如深度神经网络、卷积神经网络和深度置信网络和递归神经网络已被应用在计算机视觉、语音识别、自然语言处理、音频识别与生物信息学等领域并获取了极好的效果。另外，“深度学习”已成为类似术语，或者说是神经网络的品牌重塑
3,巴黎圣母院,巴黎圣母院（法语：Notre-Dame de Paris），正式名称为巴黎圣母主教座堂（Cathédrale Notre-Dame de Paris），是位于法国巴黎西堤岛的天主教教堂，也是天主教巴黎总教区的主教座堂，约建造于1163年到1250年间。其建筑属于哥特式建筑，是法兰西岛地区的哥特式教堂群里，非常具有关键代表意义的一座。圣母院是巴黎最有代表性的历史古迹、观光名胜与宗教场所。而在圣母院门口外的圣母院广场中，有个原点（Point Zéro）纪念物，是法国丈量全国各地里程时所使用的起测点，具有属于法国文化中心点的象征意义，圣母院法文原名中的“Notre Dame”原意为“我们的女士”，指的是耶稣的母亲圣母玛利亚，该敬称也广泛于西方国家的语言使用，也和维克多·雨果的小说《巴黎圣母院》同名。法国当地时间2019年4月15日18时50分，圣母院发生重大火灾，造成尖顶与建筑主体中后部倒塌，石头拱顶基本保持完整、包括耶稣荆棘冠在内的大部分文物被救出，圣母院宝物库基本完好。事发当时巴黎圣母院正在进行修缮工程。总统马克宏立即宣布重建，而法国亿万富翁弗朗索瓦-亨利·皮诺也宣布将捐出1亿欧元协助重建。
4,黑洞,黑洞（英语：black hole）是根据广义相对论所推论、在宇宙空间中存在的一种质量相当大的天体和星体（并非是一般认知的“洞”概念）。黑洞是由质量足够大的恒星在核聚变反应的燃料耗尽后，发生引力坍缩而形成。黑洞的质量是如此之大，它产生的引力场是如此之强，以致于大量可测物质和辐射都无法逃逸，就连传播速度极快的光子也逃逸不出来。由于类似热力学上完全不反射光线的黑体，故名黑洞。在黑洞的周围，是一个无法侦测的事件视界，标志着无法返回的临界点，而在黑洞中心有一个密度趋近于无限的奇点。当恒星内部氢元素全部核聚变完毕时，因燃料用完无法抵抗自身重力而开始向内塌陷，但随着压力越来越高，内部的重元素会重新开始燃烧导致瞬间膨胀，这时恒星的体积将暴增至原先的数十倍至百倍，这便是红巨星，质量更大的恒星则会发生超新星爆炸，无论是红巨星或是超新星，都会将外部物质全部吹飞，直到连重元素也烧完时，重力又会使得恒星继续向内塌陷，最后形成一颗与月球差不多大小的白矮星，质量稍大的恒星则会形成中子星，会放出规律的电磁波，至于质量更大的恒星则会继续塌陷，强大的重力使周围的空间产生扭曲，最后形成一个密度每立方公分约一亿吨的天体:“黑洞”。直至当前为止，所发现质量最小的黑洞大约有3.8倍太阳质量。黑洞无法直接观测，但可以借由间接方式得知其存在与质量，并且观测到它对其他事物的影响。借由物体被吸入之前因高热而放出紫外线和X射线的“边缘消息”，可以获取黑洞的存在的消息。推测出黑洞的存在也可借由间接观测恒星或星际云气团绕行黑洞轨迹，来获取位置以及质量。黑洞是天文物理史上，最引人注目的题材之一，在科幻小说、电影甚至报章媒体经常可见将黑洞作为素材。迄今，黑洞的存在已得到天文学界和物理学界的绝大多数研究者所认同，并且天文界不时提出于宇宙中观测到已存在的黑洞。根据已故英国物理学者史蒂芬·霍金于2014年1月26日的论据：爱因斯坦的重力方程的两种奇点的解，分别是黑洞跟白洞。不过理论上黑洞应该是一种“有进没出”的天体，而白洞则只能出而不能进。然而黑洞却有粒子的辐射，所以不再适合称其名为黑洞，而应该改其名为“灰洞”，先前认为黑洞可以毁灭信息情报的看法，是他“最大的失误”。2019年4月10日，事件视界望远镜项目发布了人类第一张黑洞照片，于布鲁塞尔、圣地亚哥、上海、台北、东京、华盛顿等地分别以英语、西班牙语、中文、日语同时召开全球连线的发布会。
5,神经元,神经元（英语：neuron），又名神经原或神经细胞（英语：nerve cell），是神经系统的结构与功能单位之一。神经元能感知环境的变化，再将信息传递给其他的神经元，并指令集体做出反应。神经元占了神经系统约10%，其他大部分由胶状细胞所构成。基本构造由树突、轴突、髓鞘、细胞核组成。传递形成电流，在其尾端为受体，借由化学物质（化学递质）传导(多巴胺、乙酰胆碱)，在适当的量传递后在两个突触间形成电流传导。人脑中，神经细胞约有860亿个。其中约有700亿个为小脑颗粒细胞（cerebellar granule cell）。
6,外星人,外星人（英语：Extraterrestrial intelligence，简称ET），旧称宇宙人，是人类对地球以外的智慧生命的统称。从古至今，人类对其他行星是否存在外星人，以及外星人及其文明是什么样的，一直存在猜测、想像、研究与探索。一些人将地球上难以用科学解释的文明产物，或不明飞行物，都归责于外星人及其影响。但现今人类还无法实际探查是否有外星人，甚至是外星生命的存在。有些学术单位（其中较著名的包括哈佛大学、帕特里克莱加州大学和非营利组织SETI协会等）参与了搜寻地外文明计划（SETI）。这些组织致力于用无线电望远镜等先进设备接收从宇宙中传来的电磁波，从中分析有规律的信号，希望借此发现外星文明。
7,计算机科学,计算机科学（英语：computer science，有时缩写为CS）是系统性研究信息与计算的理论基础以及它们在计算机系统中如何实现与应用的实用技术的学科。它通常被形容为对那些创造、描述以及转换信息的算法处理的系统研究。计算机科学包含很多分支领域；有些强调特定结果的计算，比如计算机图形学；而有些是探讨计算问题的性质，比如计算复杂性理论；还有一些领域专注于怎样实现计算，比如编程语言理论是研究描述计算的方法，而程序设计是应用特定的编程语言解决特定的计算问题，人机交互则是专注于怎样使计算机和计算变得有用、好用，以及随时随地为人所用。有时公众会误以为计算机科学就是解决计算机问题的事业（比如信息技术），或者只是与使用计算机的经验有关，如玩游戏、上网或者文字处理。其实计算机科学所关注的，不仅仅是去理解实现类似游戏、浏览器这些软件的程序的性质，更要通过现有的知识创造新的程序或者改进已有的程序。尽管计算机科学（computer science）的名字里包含计算机这几个字，但实际上计算机科学相当数量的领域都不涉及计算机本身的研究。因此，一些新的名字被提议出来。某些重点大学的院系倾向于术语计算科学（computing science），以精确强调两者之间的不同。丹麦科学家Peter Naur建议使用术语datalogy，以反映这一事实，即科学学科是围绕着数据和数据处理，而不一定要涉及计算机。第一个使用这个术语的科学机构是哥本哈根大学Datalogy学院，该学院成立于1969年，Peter Naur便是第一任教授。这个术语主要被用于北欧国家。同时，在计算技术发展初期，《ACM通讯》建议了一些针对计算领域从业人员的术语：turingineer，turologist，flow-charts-man，applied meta-mathematician及applied epistemologist。三个月后在同样的期刊上，comptologist被提出，第二年又变成了hypologist。 术语computics也曾经被提议过。在欧洲大陆，起源于信息（information）和数学或者自动（automatic）的名字比起源于计算机或者计算（computation）更常见，如informatique（法语），Informatik（德语），informatika（斯拉夫语族）。著名计算机科学家Edsger Dijkstra曾经指出：“计算机科学并不只是关于计算机，就像天文学并不只是关于望远镜一样。”（Computer science is no more about computers than astronomy is about telescopes.）设计、部署计算机和计算机系统通常被认为是非计算机科学学科的领域。例如，研究计算机硬件被看作是计算机工程的一部分，而对于商业计算机系统的研究和部署被称为信息技术或者信息系统。然而，现如今也越来越多地融合了各类计算机相关学科的思想。计算机科学研究也经常与其它学科交叉，比如心理学，认知科学，语言学，数学，物理学，统计学和经济学。计算机科学被认为比其它科学学科与数学的联系更加密切，一些观察者说计算就是一门数学科学。 早期计算机科学受数学研究成果的影响很大，如Kurt Gödel和Alan Turing，这两个领域在某些学科，例如数理逻辑、范畴论、域理论和代数，也不断有有益的思想交流。
8,卷积神经网络,卷积神经网络（Convolutional Neural Network CNN）是一种前馈神经网络，它的人工神经元可以响应一部分覆盖范围内的周围单元，对于大型图像处理有出色表现。卷积神经网络由一个或多个卷积层和顶端的全连通层（对应经典的神经网络）组成，同时也包括关联权重和池化层（pooling layer）。这一结构使得卷积神经网络能够利用输入数据的二维结构。与其他深度学习结构相比，卷积神经网络在图像和语音识别方面能够给出更好的结果。这一模型也可以使用反向传播算法进行训练。相比较其他深度、前馈神经网络，卷积神经网络需要考量的参数更少，使之成为一种颇具吸引力的深度学习结构。卷积层（Convolutional layer），卷积神经网络中每层卷积层由若干卷积单元组成，每个卷积单元的参数都是通过反向传播算法最优化得到的。卷积运算的目的是提取输入的不同特征，第一层卷积层可能只能提取一些低级的特征如边缘、线条和角等层级，更多层的网路能从低级特征中迭代提取更复杂的特征。卷积神经网络（例如Alexnet、VGG网络）在网络的最后通常为softmax分类器。微调一般用来调整softmax分类器的分类数。例如原网络可以分类出2种图像，需要增加1个新的分类从而使网络可以分类出3种图像。微调（fine-tuning）可以留用之前训练的大多数参数，从而达到快速训练收敛的效果。例如保留各个卷积层，只重构卷积层后的全连接层与softmax层即可。
9,奥卡姆剃刀,奥卡姆剃刀（英语：Occam's Razor Ockham's Razor），又称“奥坎的剃刀”，拉丁文为lex parsimoniae，意思是简约之法则，是由14世纪逻辑学家、圣方济各会修士奥卡姆的威廉（William of Occam，约1287年至1347年，奥卡姆（Ockham）位于英格兰的萨里郡）提出的一个解决问题的法则，他在《箴言书注》2卷15题说“切勿浪费较多东西，去做‘用较少的东西，同样可以做好的事情’。”换一种说法，如果关于同一个问题有许多种理论，每一种都能作出同样准确的预言，那么应该挑选其中使用假定最少的。尽管越复杂的方法通常能做出越好的预言，但是在不考虑预言能力（即结果大致相同）的情况下，假设越少越好。所罗门诺夫的归纳推理理论是奥卡姆剃刀的数学公式化：在所有能够完美描述已有观测的可计算理论中，较短的可计算理论在估计下一次观测结果的概率时具有较大权重。在自然科学中，奥卡姆剃刀被作为启发法技巧来使用，更多地作为帮助科学家发展理论模型的工具，而不是在已经发表的理论之间充当裁判角色。在科学方法中，奥卡姆剃刀并没有被当做逻辑上不可辩驳的定理或者科学结论。在科学方法中对简单性的偏好，是基于可证伪性的标准。对于某个现象的所有可接受的解释，都存在无数个可能的、更为复杂的变体：因为你可以把任何解释中的错误归结于特例假设，从而避免该错误的发生。所以，较简单的理论比复杂的理论更好，因为它们更加可检验。]
10,维克多雨果,维克多·马里·雨果（法语：Victor Marie Hugo，法语：[viktɔʁ maʁi yɡo]，1802年2月26日－1885年5月22日）是一名法国浪漫主义作家。他是法国浪漫主义文学的代表人物和19世纪前期积极浪漫主义文学运动的领袖，法国文学史上卓越的作家。雨果几乎经历了19世纪法国的所有重大事变。一生创作了众多诗歌、小说、剧本、各种散文和文艺评论及政论文章。代表作有《巴黎圣母院》、《九三年》、和《悲惨世界》等。在法国，雨果主要以诗集纪念，如《静观集》和《历代传说》。他创作了4000多幅画，积极参与许多社会运动，如废除死刑。年轻时，雨果倾向保皇主义，但随着时间推移而改变，成为共和主义的积极推动者；他的作品触及时政、社会和艺术潮流。雨果被葬于巴黎先贤祠。他的遗产被各种方式纪念，包括法国钞票上的肖像。
11,计算机图形学,计算机图形学（英语：computer graphics，缩写为CG）是研究计算机在硬件和软件的帮助下创建计算机图形的科学学科，是计算机科学的一个分支领域，主要关注数字合成与操作视觉的图形内容。虽然这个词通常被认为是指三维图形，事实上同时包括了二维图形以及影像处理。简单地说，计算机图形学的主要研究内容就是研究如何在计算机中表示图形、以及利用计算机进行图形的计算、处理和显示的相关原理与算法。图形通常由点、线、面、体等几何元素和灰度、色彩、线型、线宽等非几何属性组成。从处理技术上来看，图形主要分为两类，一类是基于线条信息表示的，如工程图、等高线地图、曲面的线框图等，另一类是明暗图，也就是通常所说的真实感图形。计算机图形学一个主要的目的就是要利用计算机产生令人赏心悦目的真实感图形。为此，必须创建图形所描述的场景的几何表示，再用某种光照模型，计算在假想的光源、纹理、材质属性下的光照明效果。所以计算机图形学与另一门学科计算机辅助几何设计有着密切的关系。事实上，图形学也把可以表示几何场景的曲线曲面造型技术和实体造型技术作为其主要的研究内容。同时，真实感图形计算的结果是以数字图象的方式提供的，计算机图形学也就和图像处理有着密切的关系。图形与图像两个概念间的区别越来越模糊，但还是有区别的：图像纯指计算机内以位图形式存在的灰度信息，而图形含有几何属性，或者说更强调场景的几何表示，是由场景的几何模型和景物的物理属性共同组成的。计算机图形学的研究内容非常广泛，如图形硬件、图形标准、图形交互技术、光栅图形生成算法、曲线曲面造型、实体造型、真实感图形计算与显示算法、非真实感绘制，以及计算可视化、计算机动画、自然景物仿真、虚拟现实等。
12,计算机视觉,计算机视觉是一门研究如何使机器“看”的科学，更进一步的说，就是指用摄影机和计算机代替人眼对目标进行识别、跟踪和测量等机器视觉，并进一步做图像处理，用计算机处理成为更适合人眼观察或传送给仪器检测的图像。作为一门科学学科，计算机视觉研究相关的理论和技术，试图创建能够从图像或者多维数据中获取“信息”的人工智能系统。这里所指的信息指香农定义的，可以用来帮助做一个“决定”的信息。因为感知可以看作是从感官信号中提取信息，所以计算机视觉也可以看作是研究如何使人工系统从图像或多维数据中“感知”的科学。作为一个工程学科，计算机视觉寻求基于相关理论与模型来创建计算机视觉系统。这类系统的组成部分包括：过程控制（例如工业机器人和无人驾驶汽车）事件监测（例如图像监测）信息组织（例如图像数据库和图像序列的索引创建）物体与环境建模（例如工业检查，医学图像分析和拓扑建模）交感互动（例如人机互动的输入设备）计算机视觉同样可以被看作是生物视觉的一个补充。在生物视觉领域中，人类和各种动物的视觉都得到了研究，从而创建了这些视觉系统感知信息过程中所使用的物理模型。另一方面，在计算机视觉中，靠软件和硬件实现的人工智能系统得到了研究与描述。生物视觉与计算机视觉进行的学科间交流为彼此都带来了巨大价值。计算机视觉包含如下一些分支：画面重建，事件监测，目标跟踪，目标识别，机器学习，索引建立，图像恢复等。
13,决策树,决策论中（如风险管理），决策树（Decision tree）由一个决策图和可能的结果（包括资源成本和风险）组成， 用来创建到达目标的规划。决策树建立并用来辅助决策，是一种特殊的树结构。决策树是一个利用像树一样的图形或决策模型的决策支持工具，包括随机事件结果，资源代价和实用性。它是一个算法显示的方法。决策树经常在运筹学中使用，特别是在决策分析中，它帮助确定一个能最可能达到目标的策略。如果在实际中，决策不得不在没有完备知识的情况下被在线采用，一个决策树应该平行概率模型作为最佳的选择模型或在线选择模型算法。决策树的另一个使用是作为计算条件概率的描述性手段。机器学习中，决策树是一个预测模型；他代表的是对象属性与对象值之间的一种映射关系。树中每个节点表示某个对象，而每个分叉路径则代表某个可能的属性值，而每个叶节点则对应从根节点到该叶节点所经历的路径所表示的对象的值。决策树仅有单一输出，若欲有复数输出，可以建立独立的决策树以处理不同输出。 数据挖掘中决策树是一种经常要用到的技术，可以用于分析数据，同样也可以用来作预测。从数据产生决策树的机器学习技术叫做决策树学习通俗说就是决策树。一个决策树包含三种类型的节点：决策节点：通常用矩形框来表示机会节点：通常用圆圈来表示终结点：通常用三角形来表示
14,机器学习,机器学习是人工智能的一个分支。人工智能的研究历史有着一条从以“推理”为重点，到以“知识”为重点，再到以“学习”为重点的自然、清晰的脉络。显然，机器学习是实现人工智能的一个途径，即以机器学习为手段解决人工智能中的问题。机器学习在近30多年已发展为一门多领域交叉学科，涉及概率论、统计学、逼近论、凸分析、计算复杂性理论等多门学科。机器学习理论主要是设计和分析一些让计算机可以自动“学习”的算法。机器学习算法是一类从数据中自动分析获得规律，并利用规律对未知数据进行预测的算法。因为学习算法中涉及了大量的统计学理论，机器学习与推断统计学联系尤为密切，也被称为统计学习理论。算法设计方面，机器学习理论关注可以实现的，行之有效的学习算法。很多推论问题属于无程序可循难度，所以部分的机器学习研究是开发容易处理的近似算法。机器学习已广泛应用于数据挖掘、计算机视觉、自然语言处理、生物特征识别、搜索引擎、医学诊断、检测信用卡欺诈、证券市场分析、DNA序列测序、语音和手写识别、战略游戏和机器人等领域。机器学习可以分成下面几种类别：监督学习从给定的训练数据集中学习出一个函数，当新的数据到来时，可以根据这个函数预测结果。监督学习的训练集要求是包括输入和输出，也可以说是特征和目标。训练集中的目标是由人标注的。常见的监督学习算法包括回归分析和统计分类。监督学习和非监督学习的差别就是训练集目标是否人标注。他们都有训练集 且都有输入和输出无监督学习与监督学习相比，训练集没有人为标注的结果。常见的无监督学习算法有生成对抗网络（GAN）、聚类。半监督学习介于监督学习与无监督学习之间。增强学习机器为了达成目标，随着环境的变动，而逐步调整其行为，并评估每一个行动之后所到的回馈是正向的或负向的。
15,微信小程序,微信小程序，简称小程序，英文名Mini Program，是一种不需要下载安装即可使用的应用，它实现了应用“触手可及”的梦想，用户扫一扫或搜一下即可打开应用。全面开放申请后，主体类型为企业、政府、媒体、其他组织或个人的开发者，均可申请注册小程序。小程序、订阅号、服务号、企业号是并行的体系。2017年1月9日，张小龙在2017微信公开课Pro上发布的小程序正式上线。2018年2月，微信官方发布公告称：已对涉及假货高仿、色情低俗和违规“现金贷”等超过2000个小程序，进行永久封禁处理。小程序是一种不用下载就能使用的应用，也是一项门槛非常高的创新，经过将近两年的发展，已经构造了新的小程序开发环境和开发者生态。小程序也是这么多年来中国IT行业里一个真正能够影响到普通程序员的创新成果，现在已经有超过150万的开发者加入到了小程序的开发，与我们一起共同发力推动小程序的发展，小程序应用数量超过了一百万，覆盖200多个细分的行业，日活用户达到两个亿，小程序还在许多城市实现了支持地铁、公交服务。小程序发展带来更多的就业机会，2017年小程序带动就业104万人，社会效应不断提升。
16,华南理工大学,华南理工大学（英语：South China University of Technology，简称：SCUT、华工、华工大或华南理工），原名：华南工学院，是位于中国广东省广州市的一所公立综合性研究型大学，组建于1952年11月中国高等学校院系调整时期，1988年改为现名。学校是教育部直属的全国重点大学，是中国“双一流”A类学校和“111计划”的重要成员，亦为原“985工程”、原“211工程”的重点建设大学；同时是中国建筑学界的“建筑老八校”之一[4]，亦为中国大陆20世纪50年代闻名的“四大工学院”之一。华南理工大学以工科见长，理工结合，涵盖管、经、文、法、医等多学科；学校现拥有五山、大学城和广州国际（在建）三个校区，设有28个学院和1个独立学院（广州学院，原广州汽车学院），另有幼儿园、小学、中学、医院、出版社等附属机构。华南理工大学的办学历史十分悠久，可以追溯至20世纪30年代乃至清末时期。作为主要组建基础的中山大学工学院源于1931年成立的国立中山大学理工学院；华南联合大学理工学院由1930年成立的私立广东国民大学工学院和1940年成立的私立广州大学理工学院合并而成；岭南大学理工学院可追溯至1930年成立的岭南大学工学院；广东工业专科学校的前身是1918年成立的广东省立第一甲种工业学校，其历史可追溯至1910年清政府创办的广东工艺局，历经勷勤工学院（1933年）、勷勤大学工学院（1934年）、并入中山大学工学院（1938年），于1943年夏复办。这些院校是早期中国南方培养高级工程技术人才的摇篮和民主科学思想的重要策源地。1952年，华南工学院正式组建，由当时的中山大学工学院、华南联合大学理工学院、岭南大学理工学院的工学院部分和广东工业专科学校整体为基础，会同湖南大学、广西大学、南昌大学、武汉交通学院、武昌中华大学等五所院校中与工科相关的专业组建而成，为当时全国四大工学院之一。[6]昔日亚洲最大的大学校园国立中山大学的石牌校园正门及附近的已开发校园划予华南工学院（今五山校区），农学院和林场、农场、研究院、天文台划予华南农学院（今华南农业大学）。学校在组建初期设有机械工程系、电机工程系、化工工程系、土木工程系、建筑工程系与水利工程系等6个系15个工科专业。其中，机械系由中山大学工学院机械工程系、华南联合大学理工学院机械工程系、广东工业专科学校机械科组建，电机系由中山大学工学院电机工程系、华南联合大学理工学院电机工程系、岭南大学理工学院电机工程系组建，化工系由中山大学工学院化学工程系、广东工业专科学校化工科组建，土木系由中山大学工学院土木工程系、华南联合大学理工学院土木工程系、岭南大学理工学院土木工程系组建，建筑系由中山大学工学院建筑工程系、华南联合大学理工学院建筑工程系组建，水利系前身为广东工业专科学校水利科。[7]
17,宪法,宪法，又称宪章、根本法[1]:2669或宪制文件，是一个主权国家、政治实体或地区[a]、自治地区[b]、联邦制国家的联邦州[c]或国际组织及其成员[d]的最基本法律[2]。与宪法拥有同样地位的还有基本法。宪法通常规定一个国家的社会制度、国家制度、国家机构、公民的基本权利和义务等[1]:2936，但不一定包含以上全部内容，例如会逐渐增加宪法内容的英国不成文宪法。宪法定义国家政体及政府运作方式，以及法律订定的方式。宪法在一个国家之全部法律中具有最高权威和最大效力，是制定其他法律之依据[1]:2936。有些宪法（特别是成文宪法）会限制政府的权力，其方式是订定一些政府权力的运作范围，例如人民的基本权，例如美国宪法就是这类的宪法。宪法之制定和修改，一般须经过特定之程序[1]:2936。考量美国宪法与美国黑奴曾经同时并存，认定宪法并非民主国家特有的法律种类，以宪法的原文Constitution作为思考的起点，宪法的定义其实是国家基本结构的意思，汉朝的约法三章亦能归类为宪法。乔治·华盛顿在1787年签署美国宪法印度宪法是世界所有主权国家中，篇幅最长的成文宪法[3]，共有444条，分为22章[4][5]，12份附表及118个修正案，若翻译为印度英语有117369字[6]。美国宪法是篇幅最短的成文宪法，共有7条，27个修正案，合计4400字[7]。从理论上讲，宪法的效力高于本国其他法律和法规。宪法反映阶级力量对比关系[1]:2936。但在现实里，宪法并不是在所有国家中都具有权威性。在不同时代和类型之国家，宪法之形式和内容有所不同，但都是统治阶级意志之表现，是实现其阶级专政之重要工具[1]:2936。为保证宪法的权威性，需要一套相应的体系来确保宪法没有被违背。这套体系称之为宪法审查制度。在现代民主国家，由于宪法审查制度的实施，一条法规如果和宪法相抵触，便会失效。而在非民主国家，宪法的最高效力经常不能得到有效的维护，以至于宪法成为一纸空文。使一条和宪法抵触的法规失效的方法有很多种，端视不同宪法审查制度而异，可以事前审查，也可以事后审查。即使获得通过，嗣后被撤销，或在审理的时候不被法院采纳，也可能造成法规无效。这条体系最早由奥地利的法律学家凯尔孙最先提出。依据这个的理论，法律和法规以及宪法构成一个金字塔。宪法位于塔顶，拥有最高权威；而法律由立法机关通过，其效力仅次于宪法；而法规是由行政机关颁布，它的效力最低，因此位于金字塔底。因此一条法规不能违背高于它的法律和宪法，否则它可能会失效（除非它背离的法律违背了宪法）。同样的，一条法律不能和宪法相抵触，否则它也会失其效力。现代概念中的宪法是公民与国家的契约，它在国家的法律体系中拥有最高的地位，因此它是国家的根本法，拥有最高的法律效力。宪法规定的事项主要有国家政治架构，政府组成与职能，权力制衡模式和公民的权利等。有些国家的宪法还规定了公民的义务，但大多宪法学学者认为，宪法规定公民的义务，不仅没有必要，而且难以实行。[10]宪法最为重要的意义在于它是一部权利宣言书。《美国宪法》是这一表述的最佳注解。但对权利的列举式规范并非宪法的绝对要件，美国宪法在订立之初并无权利条款，法国第五共和的宪法也未明列权利条款，但这都无损于它们是有效宪法规范的事实。
18,言论自由,言论自由（英语：Freedom of speech），一种基本人权，指公民可以按照个人意愿表达意见和想法的法定政治权利，这些意见表达不用受政府“事前”的审查及限制，也无需担心受到政府报复。有时也被称为意涵更广泛的表达自由[1][2][3]。它通常被理解为充分表达意见的自由，当中包括以任何方式寻找、接收及发放传递资讯或者思想的行为。言论自由的权利在任何国家通常都会受到不同程度的限制，例如发表诽谤中伤、猥亵、威胁伤人、煽动仇恨或者侵犯版权等言论或者资讯的一系列涉嫌侵犯他人人权的行为都被禁止，而表达意见时也需要注意时间、地点和礼仪。[2][3][4] 一些可能存在违法行为的国家政权对言论自由的限制程度甚至逾越了人权法案的红线。《世界人权宣言》第19条及《美国宪法第一修正案》明言保障言论自由的权利，确认言论自由的基石重要性，也一方面突显其脆弱需受保障的面向[1][5]。《世界人权宣言》第19条及《公民权利和政治权利国际公约》的《国际人权法》中亦确认言论自由为一项人权。《公民权利和政治权利国际公约》第19条指“人人有权在不受干涉下持有意见及主张”及“每个人都有权利自由发表主张和意见，此项权利包括寻找、接收和传递资讯和思想的自由，而不分任何媒介和国界。”第19条亦指出，这些权利附有特别责任及义务，行使时必须尊重他人权利或名誉，确保国家安全及公共秩序不受影响。联合国1948年通过的《世界人权宣言》中的第十九条以及《公民权利和政治权利国际公约》第十九条明确提出了“言论自由”的定义。《世界人权宣言》中的第十九条指：[9]“人人有主张及发表自由之权；此项权利包括保持主张而不受干涉之自由，及经由任何方法不分国界以寻求、接收并传播消息意见之自由。”《公民权利和政治权利国际公约》第十九条指：[10]“一、人人有保持意见不受干预之权利。二、人人有发表自由之权利；此种权利包括以语言、文字或出版物、艺术或自己选择之其他方式，不分国界，寻求、接受及传播各种消息及思想之自由。三、本条第二项所载权利之行使，附有特别责任及义务，故得予以某种限制，但此种限制以经法律规定，且为下列各项所必要者为限：（一）尊重他人权利或名誉；（二）保障国家安全或公共秩序，或公共卫生或风化。”今天的言论自由受到了国际人权法的公认。这项权利在公民权利和政治权利国际公约的第19条、欧洲人权公约的第10条、美洲人权公约的第13条及非洲人权和民族权宪章的第9条中得到体现。[11]
19,多重宇宙论,多重宇宙论（英语：Multiverse或Metaverse），或者叫多元宇宙论，指的是一种在物理学里尚未证实的假说。在我们的宇宙之外，很可能还存在着其他的宇宙，而这些宇宙是宇宙的可能状态的一种反应，这些宇宙可能其基本物理常数和我们所认知的宇宙相同，也可能不同。多重宇宙这个名词是由美国哲学家与心理学家威廉·詹姆士在1895年所提出的。[1]。平行宇宙经常被用以说明：一个事件不同的过程或一个不同的决定的后续发展是存在于不同的平行宇宙中的；这个理论也常被用于解释其他的一些诡论，像关于时间旅行的一些诡论，像“一颗球落入时光隧道，回到过去撞上了自己因而使得自己无法进入时光隧道”，解决此诡论除了假设时间旅行是不可能外，也可以以平行宇宙作解释，而根据平行宇宙理论，这颗球撞上自己和没有撞上自己是两个不同的平行宇宙。在近代这个理论已经激起大量科学、哲学和神学的问题，而科幻小说亦喜欢将平行宇宙的概念用于其中。人类在几亿年后的未来世界有机率打开一个通往平行宇宙的通道，以此避免因宇宙的死亡而造成的人类的绝对灭绝。但这种说法产生了一个新问题：假若平行宇宙可以打开一个通道，那么必然已有足够高的文明能够做到这件事，并且从它们的宇宙来到我们的宇宙，而这类文明往往可以快速占据许多宇宙区域，因此我们应该可以观察得到它们行动的证据。更加激进的说法是，如果足够高的文明逃离其本来的宇宙，出于统治目的，那么任何生命就不会存在于我们这个宇宙，而这与人类在宇宙里的平静生存事实不符。
20,双缝实验,在量子力学里，双缝实验（double-slit experiment）是一种演示光子或电子等等微观物体的波动性与粒子性的实验。双缝实验是一种“双路径实验”。在这种更广义的实验里，微观物体可以同时通过两条路径或通过其中任意一条路径，从初始点抵达最终点。这两条路径的程差促使描述微观物体物理行为的量子态发生相移，因此产生干涉现象。另一种常见的双路径实验是马赫-曾德尔干涉仪实验。双缝实验的基本仪器设置很简单，如右图所示，将像激光一类的相干光束照射于一块刻有两条狭缝的不透明板，通过狭缝的光束，会抵达照相胶片或某种探测屏，从记录于照相胶片或某种探测屏的辐照度数据，可以分析光的物理性质。光的波动性使得通过两条狭缝的光束相互干涉，形成了显示于探测屏的明亮条纹和暗淡条纹相间的图样，明亮条纹是相长干涉区域，暗淡条纹是相消干涉区域，这就是双缝实验著名的干涉图样。在经典力学里，双缝实验又称为“杨氏双缝实验”，或“杨氏实验”、“杨氏双狭缝干涉实验”，专门演示光波的干涉行为，是因物理学者托马斯·杨而命名。假若，光束是以粒子的形式从光源移动至探测屏，抵达探测屏任意位置的粒子数目，应该等于之前通过左狭缝的粒子数量与之前通过右狭缝的粒子数量的总和。根据定域性原理（principle of locality），关闭左狭缝不应该影响粒子通过右狭缝的行为，反之亦然，[2]:7因此，在探测屏的任意位置，两条狭缝都不关闭的辐照度应该等于只关闭左狭缝后的辐照度与只关闭右狭缝后的辐照度的总和。但是，当两条狭缝都不关闭时，结果并不是这样，探测屏的某些区域会比较明亮，某些区域会比较暗淡，这种图样只能用光波动说的相长干涉和相消干涉来解释，而不是用光微粒说的简单数量相加法。[1]:38-60双缝实验也可以用来检试像中子、原子等等微观物体的物理行为，虽然使用的仪器不同，仍旧会得到类似的结果。每一个单独微观物体都离散地撞击到探测屏，撞击位置无法被预测，演示出整个过程的概率性，累积很多撞击事件后，总体又显示出干涉图样，演示微观物体的波动性。2013年，一个检试分子物理行为的双缝实验，成功演示出含有810个原子、质量约为10000amu的分子也具有波动性。[3]理查德·费曼在著作《费曼物理学讲义》里表示，双缝实验所展示出的量子现象不可能、绝对不可能以任何经典方式来解释，它包含了量子力学的核心思想。事实上，它包含了量子力学唯一的奥秘[1]:39。透过双缝实验，可以观察到量子世界的奥秘。
21,信息检索,信息检索（英语：Information Retrieval）是从信息资源集合获得与信息需求相关的信息资源的活动。搜索可以基于全文或其他基于内容的索引。自动信息检索系统用于减少所谓的“信息过载”。许多大学和公共图书馆使用IR系统提供图书、期刊和其他文件的访问。Web搜索引擎是最常见的IR应用程序。当用户向系统输入查询时，信息检索过程开始。查询是信息需求的正式声明，例如在Web搜索引擎中的搜索字符串。在信息检索中，查询不会唯一地标识集合中的单个对象。相反可以有不止一个对象匹配查询，它们可能具有不同程度的相关性。对象是由内容集合或数据库中的信息表示的实体。用户查询要与数据库信息进行匹配。然而，与数据库的经典SQL查询相反，在信息检索中，返回的结果可能匹配或不匹配查询，因此结果通常被排名。这种结果排名是信息检索搜索与数据库搜索相比的关键区别。[1]根据应用，数据对象可以是文本文档、图像[2]、音频[3]、思维导图[4]或视频等。通常文档本身不保存或直接存储在IR系统中，而是以文献替代或元数据在系统中表示。大多数IR系统对数据库中的每个对象与查询匹配的程度计算数值分数，并根据此值对对象进行排名。然后向用户显示排名靠前的对象。如果用户希望细化查询，则可以重复该过程
22,广州,广州（英语：Canton，拼音：Guǎngzhōu，注音：ㄍㄨㄤˇ ㄓㄡ粤拼：gwong2 zau1），简称广或穗，别称羊城，为广东省省会。广州于1921年正式设市，开创中国市政建制，现在是副省级市。广州是国家中心城市、华南地区的经济、文化、科技和教育中心及交通枢纽，也是中国人民解放军南部战区联合作战指挥部所在地[11]。2010年亚洲运动会在广州举行。广州拥有2200年以上历史，古代广州水网密布，水城历史悠久于威尼斯，河道在清代后由于城建变迁而逐渐泯没[12]。从秦朝开始，广州一直是郡治、州治、府治的行政中心；一直是华南地区的政治、军事、经济、文化和科教中心，是岭南文化的发源地和兴盛地。广州从3世纪30年代起成为海上丝绸之路的主港，唐宋时期成为中国第一大港，是世界著名的东方港市；明清时期是中国唯一的对外贸易大港，是世界上唯一2000多年长盛不衰的大港。为中国首批历史文化名城之一，是中国南方最大、历史最悠久的对外通商口岸，也是全国首批对外开放的14个沿海城市之一，世界著名的港口城市。广州港是中国大陆第五大港口，世界第八大港口[13]。据联合国《2016年中国城市可持续发展报告》显示，广州人类发展指数蝉联中国大陆35个主要城市第一[10]。广州地处华南，广东省的东南部，珠江三角洲中北缘，西江、北江、东江三江汇合处，濒临南海，东连东莞市和惠州市博罗、龙门两县，西邻佛山市的三水、南海和顺德三区，北靠清远市的市区和佛冈县及韶关市的新丰县，南接中山市，毗邻香港、澳门特别行政区，地理位置优越，是“海上丝绸之路”的其中一个起点[14]，获誉为中国的“南大门”
23,室内设计,室内设计（Interior design），是一种以居住在该空间的人为对象所从事的设计专业，需要工程技术上的知识，也需要艺术上的理论和技能，泛指对室内建立的任何相关物件，包括：墙、窗户、窗帘、门、表面处理、材质、灯光、空调、水电、环境控制系统、视听设备、家具与装饰品的规划。室内设计是增强建筑物内部的艺术和科学，以便为使用该空间的人们创造更健康，更美观的环境。室内设计是从建筑设计中的装饰部分演变出来的。他是对建筑物内部环境的再创造。室内设计可以分为公共空间和居家两大类别。当我们提到室内设计时，会提到的还有动线、空间、色彩、照明、功能等等相关的重要术语。室内设计是指为满足一定的建造目的（包括人们对它的使用功能的要求、对它的视觉感受的要求）而进行的准备工作，对现有的建筑物内部空间进行深加工的增值准备工作。目的是为了让具体的物质材料在技术、经济等方面，在可行性的有限条件下形成能够成为合格产品的准备工作。按设计深度分：有室内方案设计、室内初步设计、室内施工图设计。按设计内容分：有室内结构设计、室内物理设计（声学设计、光学设计、热学设计、色彩设计、能源设计）、室内设备设计（室内给排水设计、 室内供暖、通风、空调设计、电气、通讯设计）等。某些国家如中国的室内设计会考虑风水。绿色环保的室内设计也成为人们关注的焦点。绿色室内设计除了着重环保材质的采用，节能环保、低碳理念、精简设计亦被纳入打造理想绿色空间的大前提。室内设计师会根据许多的法则规划他们的作品，这些法则包括：环境物理学（如利用日照与空气等条件）、建筑学、美学、人因工程学与人类的惯性及习俗等。他们几乎规划所有种类的空间，包括饭店、商办、学校、医院、私人住宅、购物商场、餐厅、戏院、博物馆以及机场航站等。今日，室内设计师不仅只需懂得规划建物平面图、房屋修护跟辨识结构的能力，更需要提升对各种材料、生活型态、设备等的认识。装修，作为一种居所装修装饰的新理念，在20世纪80年代末在中国诞生。装修也是装潢，一般指居室内固定部分的后加工，如地面墙面天棚门窗的装修；室内设计中装修、装饰是不可分的。
24,经济学,经济学是一门对产品和服务的生产、分配以及消费进行研究的社会科学。西方语言中的“经济学”一词源于古希腊的οἰκονομία[1][2]，意为家庭管理。中文“经济学”一次最早见于隋朝王通《文中子》：“皆有经济之道，谓经国济民”。1897年，贵州学政严修奏请开设经济特科，经济学成为显学。经济学注重的是研究经济行为者在一个经济体系下的行为，以及他们彼此之间的互动。在现代，经济学的教材通常将这门领域的研究分为宏观经济学和微观经济学。微观经济学检视一个社会里基本层次的行为，包括个体的行为者（例如个人、公司、买家或卖家）以及与市场的互动。而宏观经济学则分析整个经济体和其议题，包括失业、通货膨胀、经济成长、财政和货币政策等。其他的对照还包括了实证经济学（研究“是什么”）以及规范经济学（研究“应该是什么”）、经济理论与实用经济学、行为经济学[3]与理性选择经济学、主流经济学（研究理性-个体-均衡等）与非主流经济学（研究体制-历史-社会结构等）[4][5]。[6]经济学的分析也被用在其他各种领域上，主要领域包括了商业、金融、和政府等，但同时也包括了如健康、犯罪[7]、教育[8]、法律、政治、社会架构、宗教[9]、战争[10]、和科学[11]等等。到了21世纪初，经济学在社会科学领域各方面不断扩张影响力，使得有些学者讽刺地称其为“经济学帝国主义”[12]。
25,三维模型,三维模型是物体的三维多边形表示，通常用电脑或者其它影片设备进行显示。显示的物体是可以是现实世界的实体，也可以是虚构的东西，既可以小到原子，也可以大到很大的尺寸。任何物理自然界存在的东西都可以用三维模型表示。三维模型经常用三维建模工具这种专门的软件生成，但是也可以用其它方法生成。作为点和其它信息集合的数据，三维模型可以手工生成，也可以按照一定的算法生成。尽管通常按照虚拟的方式存在于计算机或者计算机文件中，但是在纸上描述的类似模型也可以认为是三维模型。三维模型广泛用任何使用三维图形的地方。实际上，它们的应用早于个人电脑上三维图形的流行。许多计算机游戏使用预先渲染的三维模型图像作为sprite用于实时计算机渲染。现在，三维模型已经用于各种不同的领域。在医疗行业使用它们制作器官的精确模型；电影行业将它们用于活动的人物、物体以及现实电影；电子游戏产业将它们作为计算机与电子游戏中的资源；在科学领域将它们作为化合物的精确模型；建筑业将它们用来展示提议的建筑物或者风景表现；工程界将它们用于设计新设备、交通工具、结构以及其它应用领域；在最近几十年，地球科学领域开始构建三维地质模型。三维模型本身是不可见的，可以根据简单的线框在不同细节层次渲染的或者用不同方法进行明暗描绘（shaded）。但是，许多三维模型使用纹理进行覆盖，将纹理排列放到三维模型上的过程称作纹理映射。纹理就是一个图像，但是它可以让模型更加细致并且看起来更加真实。例如，一个人的三维模型如果带有皮肤与服装的纹理那么看起来就比简单的单色模型或者是线框模型更加真实。除了纹理之外，其它一些效果也可以用于三维模型以增加真实感。例如可以调整曲面法线以实现它们的照亮效果，一些曲面可以使用凸凹纹理映射方法以及其它一些立体渲染的技巧。三维模型经常做成动画，例如，在故事片电影以及计算机与电子游戏中大量地应用三维模型。它们可以在三维建模工具中使用或者单独使用。为了容易形成动画，通常在模型中加入一些额外的数据，例如，一些人类或者动物的三维模型中有完整的骨骼系统，这样运动时看起来会更加真实，并且可以通过关节与骨骼控制运动。
26,计算机辅助药物设计,计算机辅助药物设计（computer aided drug design）是以计算机化学为基础，通过计算机的模拟、计算和预算药物与受体生物大分子之间的关系，设计和优化先导化合物的方法。计算机辅助药物设计实际上就是通过模拟和计算受体与配体的这种相互作用，进行先导化合物的优化与设计。计算机辅助药物设计大致包括活性位点分析法、数据库搜寻、全新药物设计。计算机辅助药物设计的一般原理是，首先通过X－单晶衍射技等技术获得受体大分子结合部位的结构，并且采用分子模拟软件分析结合部位的结构性质，如静电场、疏水场、氢键作用位点分布等信息。然后再运用数据库搜寻或者全新药物分子设计技术，识别得到分子形状和理化性质与受体作用位点相匹配的分子，合成并测试这些 分子的生物活性，经过几轮循环，即可以发现新的先导化合物。因此，计算机辅助药物设计大致包括活性位点分析法、数据库搜寻、全新药物设计。
27,华为,华为技术有限公司是中华人民共和国一家提供通信设备以及销售包括智能手机在内的消费电子产品的跨国科技公司[1]，总部位于广东深圳。华为由任正非于1987年创立，最初专注于制造电话交换机，现已将业务范围扩展至建设电信网络，为中国境内外企业提供运营和咨询服务及设备，以及为消费市场制造通信设备[2][3]。截至2018年9月，华为拥有超过188000名员工，其中约有76000人从事研发工作[4][5]。华为在全球拥有21个研发机构[6][7]。截至2017年，公司在研发方面投入了13.8亿美元[8][9]。华为在170多个国家和地区部署了产品和服务，截至2011年，为50家最大的电信运营商中的45家提供服务[10]，建设了1500多张网络，服务全世界三分之一的人口[11]。华为在2012年超越爱立信，成为全球最大的电信设备制造商[12]，并于2018年超越苹果公司，成为全球第二大智能手机制造商，仅次于三星电子[13]。华为在2018年财富世界500强榜单中位列第72名[14]。2018年12月，华为报告其当年年收入增至1085亿美元（比2017年增长21％）[15]。华为虽然在国际上获取了成功，但在某些市场也遇到了困难，主要来自美国政府的网络安全指控称，中华人民共和国政府可以通过华为的基础设施设备实现监控。特别是随着5G无线网络（中国积极推动）的发展，美国一直呼吁阻止华为或中国电信商中兴通讯使用美国或其盟国的产品。华为认为其产品不会比其他供应商带来“更大的网络安全风险”，并且没有证据证明美国的间谍主张[16]。尽管如此，由于这些担忧影响了华为在美国销售消费产品的能力，公司在2018年退出了美国消费市场。2019年5月，美国进一步加强措施，总统唐纳德·特朗普签署了一项行政命令，禁止美国公司和“外国对手”之间涉及信息技术的交易，并以违反对伊朗制裁为由将华为列入出口黑名单。由于受到限制，大量供应商和协会已经与华为断绝关系或以其他方式限制其业务。[
28,海思半导体,海思半导体是一家半导体公司，海思半导体有限公司成立于2004年10月，前身是创建于1991年的华为集成电路设计中心。海思公司总部位于深圳，在北京、上海、美国硅谷和瑞典设有设计分部。海思的产品覆盖无线网络、固定网络、数字媒体等领域的芯片及解决方案，成功应用在全球100多个国家和地区；在数字媒体领域，已推出SoC网络监控芯片及解决方案、可视电话芯片及解决方案、DVB芯片及解决方案和IPTV芯片及解决方案。2019年海思Q1营收达到了17.55亿美元，同比大涨了41%，增速远远高于其他半导体公司，排名也上升到了第14位。
29,电气电子工程师学会,电气电子工程师学会（英语：Institute of Electrical and Electronics Engineers，简称为IEEE，英文读作“i triple e”[ai trɪpl i:]）是一个建立于1963年1月1日的国际性电子技术与电子工程师协会，亦是世界上最大的专业技术组织之一，拥有来自175个国家的42万会员。除设立于美国纽约市的总部以外，亦在全球150多个国家拥有分会，并且还有35个专业学会及2个联合会。其每年均会发表多种杂志、学报、书籍，亦举办至少300次的专业会议。目前IEEE在工业界所定义的标准有着极大的影响。IEEE定位在“科学和教育，并直接面向电子电气工程、通讯、计算机工程、计算机科学理论和原理研究的组织，以及相关工程分支的艺术和科学”。为了实现这一目标，IEEE承担着多个科学期刊和会议组织者的角色。它也是一个广泛的工业标准开发者，主要领域包括电能、能源、生物技术和保健、信息技术、信息安全、通讯、消费电子、运输、航天技术和纳米技术。在教育领域IEEE积极发展和参与，例如在高等院校推行电子工程课程的学校授权体制。IEEE制定了全世界电子和电气还有计算机科学领域30%的文献，另外它还制定了超过900个现行工业标准。每年它还发起或者合作举办超过300次国际技术会议。IEEE由37个协会组成，还组织了相关的专门技术领域，每年本地组织有规律的召开超过300次会议。IEEE出版广泛的同级评审期刊，是主要的国际标准机构（900现行标准，700研发中标准）。IEEE大多数成员是电子工程师，计算机工程师和计算机科学家，不过因为组织广泛的兴趣也吸引了其它学科的工程师（例如：机械工程、土木工程、生物、物理和数学）。IEEE坐落于美国纽约州，1963年由无线电工程师协会（IRE，创立于1912年）和美国电气工程师协会（AIEE，创建于1884年）合并而成，它有一个区域和技术互为补充的组织结构，以地理位置或者技术中心作为组织单位（例如IEEE 费城分会和IEEE计算机协会）。它管理着推荐规则和执行计划的分散组织（例如IEEE-USA明确服务于美国的成员、专业人士和公众）。
30,线性表,线性表是最基本、最简单、也是最常用的一种数据结构。线性表（linear list）是数据结构的一种，一个线性表是n个具有相同特性的数据元素的有限序列。线性表中数据元素之间的关系是一对一的关系，即除了第一个和最后一个数据元素之外，其它数据元素都是首尾相接的（注意，这句话只适用大部分线性表，而不是全部。比如，循环链表逻辑层次上也是一种线性表（存储层次上属于链式存储），但是把最后一个数据元素的尾指针指向了首位结点）。我们说“线性”和“非线性”，只在逻辑层次上讨论，而不考虑存储层次，所以双向链表和循环链表依旧是线性表。在数据结构逻辑层次上细分，线性表可分为一般线性表和受限线性表。一般线性表也就是我们通常所说的“线性表”，可以自由的删除或添加结点。受限线性表主要包括栈和队列，受限表示对结点的操作受限制。
31,儿童节,国际儿童节（又称儿童节，International Children's Day）定于每年的6月1日。为了悼念1942年6月10日的利迪策惨案和全世界所有在战争中死难的儿童，反对虐杀和毒害儿童，以及保障儿童权利。1949年11月，国际民主妇女联合会在莫斯科举行理事会议，中国和其他国家的代表愤怒地揭露了帝国主义分子和各国反动派残杀、毒害儿童的罪行。会议决定以每年的6月1日为国际儿童节。它是为了保障世界各国儿童的生存权、保健权和受教育权，抚养权，为了改善儿童的生活，为了反对虐杀儿童和毒害儿童而设立的节日。目前世界上许多国家都将6月1日定为儿童的节日。国际儿童节的设立，和发生在二战期间一次屠杀——利迪策惨案有关。1942年6月10日，德国法西斯枪杀了捷克利迪策村16岁以上的男性公民140余人和全部婴儿，并把妇女和90名儿童押往集中营。村里的房舍、建筑物均被烧毁，好端端的一个村庄就这样被德国法西斯给毁了。第二次世界大战结束后，世界各地经济萧条，成千上万的工人失业，过着饥寒交迫的生活。儿童的处境更糟，有的得了传染病，一批批地死去；有的则被迫当童工，受尽折磨，生活和生命得不到保障。为了悼念利迪策惨案和全世界所有在战争中死难的儿童，反对虐杀和毒害儿童，以及保障儿童权利，1949年11月，国际民主妇女联合会在莫斯科举行理事会议，各国代表愤怒地揭露了帝国主义分子和各国反动派残杀、毒害儿童的罪行。为了保障世界各国儿童的生存权、保健权国际儿童节儿童作品画国际儿童节儿童作品画(20张)和受教育权，为了改善儿童的生活，会议决定以每年的6月1日为国际儿童节。当时的很多国家表示赞同，特别是社会主义国家。世界上许多国家都将6月1日定为儿童的节日，尤其是在社会主义国家。在欧美国家，儿童节的日期各不相同，而且往往很少举行社会公众性的庆祝活动。因此有人误解为只有社会主义国家才将6月1日定为国际儿童节。为了保障全世界儿童的权益，1949年11月，国际民主妇女联合会在莫斯科召开执委会决定，将每年6月1日作为国际儿童节。新中国成立后，中央人民政府政务院于1949年12月23日规定，将中国的儿童节与国际儿童节统一起来。 [1]
32,栈,定义：栈是限定仅在表头进行插入和删除操作的线性表。要搞清楚这个概念，首先要明白”栈“原来的意思，如此才能把握本质。栈者，存储货物或供旅客住宿的地方，可引申为仓库、中转站，所以引入到计算机领域里，就是指数据暂时存储的地方，所以才有进栈、出栈的说法。首先系统或者数据结构栈中数据内容的读取与插入（压入push和 弹出pop）是两回事！插入是增加数据，弹出是删除数据 ，这些操作只能从栈顶即最低地址作为约束的接口界面入手操作 ，但读取栈中的数据是随便的没有接口约束之说。很多人都误解这个理念从而对栈产生困惑。 [1]  而系统栈在计算机体系结构中又起到一个跨部件交互的媒介区域的作用 即 cpu 与内存的交流通道 ，cpu只从系统给我们自己编写的应用程序所规定的栈入口线性地读取执行指令， 用一个形象的词来形容它就是pipeline（管道线、流水线）。cpu内部交互具体参见 EU与BIU的概念介绍。栈作为一种数据结构，是一种只能在一端进行插入和删除操作的特殊线性表。它按照先进后出的原则存储数据，先进入的数据被压入栈底，最后的数据在栈顶，需要读数据的时候从栈顶开始弹出数据（最后一个数据被第一个读出来）。栈具有记忆作用，对栈的插入与删除操作中，不需要改变栈底指针。栈是允许在同一端进行插入和删除操作的特殊线性表。允许进行插入和删除操作的一端称为栈顶(top)，另一端为栈底(bottom)；栈底固定，而栈顶浮动；栈中元素个数为零时称为空栈。插入一般称为进栈（PUSH），删除则称为退栈（POP）。栈也称为后进先出表。
33,二叉树,在计算机科学中，二叉树是每个结点最多有两个子树的树结构。通常子树被称作“左子树”（left subtree）和“右子树”（right subtree）。二叉树常被用于实现二叉查找树和二叉堆。一棵深度为k，且有2^k-1个节点的二叉树，称为满二叉树。这种树的特点是每一层上的节点数都是最大节点数。而在一棵二叉树中，除最后一层外，若其余层都是满的，并且最后一层或者是满的，或者是在右边缺少连续若干节点，则此二叉树为完全二叉树。具有n个节点的完全二叉树的深度为floor(log2n)+1。深度为k的完全二叉树，至少有2k-1个叶子节点，至多有2k-1个节点。二叉树是一个连通的无环图，并且每一个顶点的度不大于3。有根二叉树还要满足根结点的度不大于2。有了根结点之后，每个顶点定义了唯一的父结点，和最多2个子结点。然而，没有足够的信息来区分左结点和右结点。如果不考虑连通性，允许图中有多个连通分量，这样的结构叫做森林。
34,强化学习,强化学习（英语：Reinforcement learning，简称RL）是机器学习中的一个领域，强调如何基于环境而行动，以取得最大化的预期利益。其灵感来源于心理学中的行为主义理论，即有机体如何在环境给予的奖励或惩罚的刺激下，逐步形成对刺激的预期，产生能获得最大利益的习惯性行为。这个方法具有普适性，因此在其他许多领域都有研究，例如博弈论、控制论、运筹学、信息论、仿真优化、多主体系统学习、群体智能、统计学以及遗传算法。在运筹学和控制理论研究的语境下，强化学习被称作“近似动态规划”（approximate dynamic programming，ADP）。在最优控制理论中也有研究这个问题，虽然大部分的研究是关于最优解的存在和特性，并非是学习或者近似方面。在经济学和博弈论中，强化学习被用来解释在有限理性的条件下如何出现平衡。在机器学习问题中，环境通常被规范为马可夫决策过程（MDP），所以许多强化学习算法在这种情况下使用动态规划技巧。传统的技术和强化学习算法的主要区别是，后者不需要关于MDP的知识，而且针对无法找到确切方法的大规模MDP。强化学习和标准的监督式学习之间的区别在于，它并不需要出现正确的输入/输出对，也不需要精确校正次优化的行为。强化学习更加专注于在线规划，需要在探索（在未知的领域）和遵从（现有知识）之间找到平衡。强化学习中的“探索-遵从”的交换，在多臂老虎机问题和有限MDP中研究得最多。
35,遗传算法,遗传算法（英语：genetic algorithm (GA) ）是计算数学中用于解决最优化的搜索算法，是进化算法的一种。进化算法最初是借鉴了进化生物学中的一些现象而发展起来的，这些现象包括遗传、突变、自然选择以及杂交等。遗传算法通常实现方式为一种计算机模拟。对于一个最优化问题，一定数量的候选解（称为个体）可抽象表示为染色体，使种群向更好的解进化。传统上，解用二进制表示（即0和1的串），但也可以用其他表示方法。进化从完全随机个体的种群开始，之后一代一代发生。在每一代中评价整个种群的适应度，从当前种群中随机地选择多个个体（基于它们的适应度），通过自然选择和突变产生新的生命种群，该种群在算法的下一次迭代中成为当前种群。在遗传算法里，优化问题的解被称为个体，它表示为一个变量序列，叫做染色体或者基因串。染色体一般被表达为简单的字符串或数字符串，不过也有其他的依赖于特殊问题的表示方法适用，这一过程称为编码。首先，算法随机生成一定数量的个体，有时候操作者也可以干预这个随机产生过程，以提高初始种群的质量。在每一代中，都会评价每一个体，并通过计算适应度函数得到适应度数值。按照适应度排序种群个体，适应度高的在前面。这里的“高”是相对于初始的种群的低适应度而言。下一步是产生下一代个体并组成种群。这个过程是通过选择和繁殖完成，其中繁殖包括交配（crossover，在算法研究领域中我们称之为交叉操作）和突变（mutation）。选择则是根据新个体的适应度进行，但同时不意味着完全以适应度高低为导向，因为单纯选择适应度高的个体将可能导致算法快速收敛到局部最优解而非全局最优解，我们称之为早熟。作为折中，遗传算法依据原则：适应度越高，被选择的机会越高，而适应度低的，被选择的机会就低。初始的数据可以通过这样的选择过程组成一个相对优化的群体。之后，被选择的个体进入交配过程。一般的遗传算法都有一个交配概率（又称为交叉概率），范围一般是0.6~1，这个交配概率反映两个被选中的个体进行交配的概率。例如，交配概率为0.8，则80%的“夫妻”会生育后代。每两个个体通过交配产生两个新个体，代替原来的“老”个体，而不交配的个体则保持不变。交配父母的染色体相互交换，从而产生两个新的染色体，第一个个体前半段是父亲的染色体，后半段是母亲的，第二个个体则正好相反。不过这里的半段并不是真正的一半，这个位置叫做交配点，也是随机产生的，可以是染色体的任意位置。再下一步是突变，通过突变产生新的“子”个体。一般遗传算法都有一个固定的突变常数（又称为变异概率），通常是0.1或者更小，这代表变异发生的概率。根据这个概率，新个体的染色体随机的突变，通常就是改变染色体的一个字节（0变到1，或者1变到0）。经过这一系列的过程（选择、交配和突变），产生的新一代个体不同于初始的一代，并一代一代向增加整体适应度的方向发展，因为总是更常选择最好的个体产生下一代，而适应度低的个体逐渐被淘汰掉。这样的过程不断的重复：评价每个个体，计算适应度，两两交配，然后突变，产生第三代。周而复始，直到终止条件满足为止。一般终止条件有以下几种：进化次数限制；计算耗费的资源限制（例如计算时间、计算占用的内存等）；一个个体已经满足最优值的条件，即最优值已经找到；适应度已经达到饱和，继续进化不会产生适应度更好的个体；人为干预；以及以上两种或更多种的组合。
36,云计算,云计算 [1]  （Cloud Computing）是基于互联网的相关服务的增加、使用和交互模式，通常涉及通过互联网来提供动态易扩展且经常是虚拟化的资源。云是网络、互联网的一种比喻说法。过去在图中往往用云来表示电信网，后来也用来表示互联网和底层基础设施的抽象。因此，云计算甚至可以让你体验每秒10万亿次的运算能力，拥有这么强大的计算能力可以模拟核爆炸、预测气候变化和市场发展趋势。用户通过电脑、笔记本、手机等方式接入数据中心，按自己的需求进行运算。 [2]对云计算的定义有多种说法。对于到底什么是云计算，至少可以找到100种解释。 [3]  现阶段广为接受的是美国国家标准与技术研究院（NIST）定义：云计算是一种按使用量付费的模式，这种模式提供可用的、便捷的、按需的网络访问， 进入可配置的计算资源共享池（资源包括网络，服务器，存储，应用软件，服务），这些资源能够被快速提供，只需投入很少的管理工作，或与服务供应商进行很少的交互。 [4]  用通俗的话说，云计算就是通过大量在云端的计算资源进行计算，如：用户通过自己的电脑发送指令给提供云计算的服务商，通过服务商提供的大量服务器进行“核爆炸”的计算，再将结果返回给用户。
37,数据挖掘,数据挖掘（英语：data mining）是一个跨学科的计算机科学分支[1][2][3] 。它是用人工智能、机器学习、统计学和数据库的交叉方法在相对较大型的数据集中发现模式的计算过程[1]。数据挖掘过程的总体目标是从一个数据集中提取信息，并将其转换成可理解的结构，以进一步使用[1]。除了原始分析步骤，它还涉及到数据库和数据管理方面、数据预处理、模型与推断方面考量、兴趣度度量、复杂度的考虑，以及发现结构、可视化及在线更新等后处理[1]。数据挖掘是“数据库知识发现”（Knowledge-Discovery in Databases KDD）的分析步骤[4] ，本质上属于机器学习的范畴。类似词语“数据捕捞”、“数据捕鱼”和“数据探测”指用数据挖掘方法来采样（可能）过小以致无法可靠地统计推断出所发现任何模式的有效性的更大总体数据集的部分。不过这些方法可以创建新的假设来检验更大数据总体。数据挖掘的实际工作是对大规模数据进行自动或半自动的分析，以提取过去未知的有价值的潜在信息，例如数据的分组（通过聚类分析）、数据的异常记录（通过异常检测）和数据之间的关系（通过关联式规则挖掘）。这通常涉及到数据库技术，例如空间索引。这些潜在信息可通过对输入数据处理之后的总结来呈现，之后可以用于进一步分析，比如机器学习和预测分析。举个例子，进行数据挖掘操作时可能要把数据分成多组，然后可以使用决策支持系统以获得更加精确的预测结果。不过数据收集、数据预处理、结果解释和撰写报告都不算数据挖掘的步骤，但是它们确实属于“数据库知识发现”（KDD）过程，只不过是一些额外的环节。
38,显卡,显卡（英语：Video card、Display card、Graphics card、Video adapter），是个人计算机最基本组成部分之一，用途是将计算机系统所需要的显示信息进行转换驱动显示器，并向显示器提供逐行或隔行扫描信号，控制显示器的正确显示，是连接显示器和个人计算机主板的重要组件，是“人机对话”的重要设备之一。显卡是插在主板上的扩展槽里的（现在一般是PCI-E插槽，此前还有AGP、PCI、ISA等插槽）。它主要负责把主机向显示器发出的显示信号转化为一般电器信号，使得显示器能明白个人计算机在让它做什么。显卡的主要芯片叫“显示芯片”（Video chipset，也叫GPU或VPU，图形处理器或视觉处理器），是显卡的主要处理单元。显卡上也有和计算机存储器相似的存储器，称为“显示存储器”，简称显存。 [1]早期的显卡只是单纯意义的显卡，只起到信号转换的作用；目前我们一般使用的显卡都带有3D画面运算和图形加速功能，所以也叫做“图形加速卡”或“3D加速卡”。PC上最早的显卡是IBM在1981年推出的5150个人计算机上所搭载的MDA和CGA两款2D加速卡。显卡通常由总线接口、PCB板、显示芯片、显存、RAMDAC、VGA BIOS、VGA功能插针、D-sub插座及其他外围组件构成，现在的显卡大多还具有VGA、DVI显示器接口或者HDMI接口及S-Video端子和Display Port接口。
39,智慧医疗,智慧医疗英文简称WIT120，是最近兴起的专有医疗名词，通过打造健康档案区域医疗信息平台，利用最先进的物联网技术，实现患者与医务人员、医疗机构、医疗设备之间的互动，逐步达到信息化。在不久的将来医疗行业将融入更多人工智慧、传感技术等高科技，使医疗服务走向真正意义的智能化，推动医疗事业的繁荣发展。在中国新医改的大背景下，智慧医疗正在走进寻常百姓的生活。由于国内公共医疗管理系统的不完善，医疗成本高、渠道少、覆盖面低等问题困扰着大众民生。尤其以“效率较低的医疗体系、质量欠佳的医疗服务、看病难且贵的就医现状”为代表的医疗问题为社会关注的主要焦点。大医院人满为患，社区医院无人问津，病人就诊手续繁琐等等问题都是由于医疗信息不畅，医疗资源两极化，医疗监督机制不全等原因导致，这些问题已经成为影响社会和谐发展的重要因素。所以我们需要建立一套智慧的医疗信息网络平台体系，使患者用较短的等疗时间、支付基本的医疗费用，就可以享受安全、便利、优质的诊疗服务。从根本上解决“看病难、看病贵”等问题，真正做到“人人健康，健康人人”。
40,区块链,区块链是分布式数据存储、点对点传输、共识机制、加密算法等计算机技术的新型应用模式。 [1]区块链（Blockchain），是比特币的一个重要概念，它本质上是一个去中心化的数据库，同时作为比特币的底层技术，是一串使用密码学方法相关联产生的数据块，每一个数据块中包含了一批次比特币网络交易的信息，用于验证其信息的有效性（防伪）和生成下一个区块。 [2]比特币白皮书英文原版 [3]  其实并未出现 blockchain 一词，而是使用的 chain of blocks。最早的比特币白皮书中文翻译版 [4]  中，将 chain of blocks 翻译成了区块链。这是“区块链”这一中文词最早的出现时间。国家互联网信息办公室2019年1月10日发布《区块链信息服务管理规定》，自2019年2月15日起施行。 [5]狭义来讲，区块链是一种按照时间顺序将数据区块以顺序相连的方式组合成的一种链式数据结构， 并以密码学方式保证的不可篡改和不可伪造的分布式账本。广义来讲，区块链技术是利用块链式数据结构来验证与存储数据、利用分布式节点共识算法来生成和更新数据、利用密码学的方式保证数据传输和访问的安全、利
